name,rid,nametype,recclass,mass (g),fall,year,reclat,reclong,GeoLocation
El Perdido,7813,Valid,H5,30250,Found,1905,-38.683330,-61.100000,"(-38.68333, -61.1)"
Hammadah al Hamra 328,11811,Valid,H5,30440,Found,1999,28.958330,10.591670,"(28.95833, 10.59167)"
Bledsoe,5074,Valid,H4,30500,Found,1970,33.591670,-103.026670,"(33.59167, -103.02667)"
Djebel Chaab 002,7654,Valid,LL6,30616,Found,2003,25.155920,0.822130,"(25.15592, 0.82213)"
Los Vientos 002,54617,Valid,L6,30750,Found,2010,-24.683330,-69.766670,"(-24.68333, -69.76667)"
Puente del Zacate,18894,Valid,"Iron, IIIAB",30790,Found,1904,27.866670,-101.500000,"(27.86667, -101.5)"
Saline,23109,Valid,H5,30800,Found,1901,39.400000,-100.400000,"(39.4, -100.4)"
Arriba,2339,Valid,L5,31100,Found,1936,39.300000,-103.250000,"(39.3, -103.25)"
Chantonnay,5325,Valid,L6,31500,Fell,1812,46.683330,1.050000,"(46.68333, 1.05)"
Ioka,12040,Valid,L3.5,31500,Found,1931,40.250000,-110.083330,"(40.25, -110.08333)"
Carraweena,5281,Valid,L3.9,31600,Found,1914,-29.233330,139.933330,"(-29.23333, 139.93333)"
Yonozu,30366,Valid,H4/5,31650,Fell,1837,37.750000,139.000000,"(37.75, 139.0)"
Thiel Mountains,23911,Valid,"Pallasite, PMG",31700,Found,1962,-85.450000,-90.000000,"(-85.45, -90.0)"
Derrick Peak A78011,6687,Valid,"Iron, IIAB",31800,Found,1978,-80.066670,156.383330,"(-80.06667, 156.38333)"
Allegan,2276,Valid,H5,32000,Fell,1899,42.533330,-85.883330,"(42.53333, -85.88333)"
Dhurmsala,7640,Valid,LL6,32000,Fell,1860,32.233330,76.466670,"(32.23333, 76.46667)"
Hermitage Plains,11877,Valid,L6,32000,Found,1909,-31.733330,146.400000,"(-31.73333, 146.4)"
Northwest Africa 6932,54507,Valid,"Iron, ungrouped",32000,Found,2008,0.000000,0.000000,"(0.0, 0.0)"
Patos de Minas (hexahedrite),18113,Valid,"Iron, IIAB",32000,Found,1925,-18.583330,-46.533330,"(-18.58333, -46.53333)"
Narraburra,16915,Valid,"Iron, IIIAB",32200,Found,1855,-34.250000,147.700000,"(-34.25, 147.7)"
Mossgiel,16758,Valid,L4,32383,Found,1967,-33.316670,144.783330,"(-33.31667, 144.78333)"
Jumapalo,12209,Valid,L6,32490,Fell,1984,-7.716670,111.200000,"(-7.71667, 111.2)"
Kyancutta,12386,Valid,"Iron, IIIAB",32700,Found,1932,-33.283330,136.000000,"(-33.28333, 136.0)"
Putnam County,18906,Valid,"Iron, IVA",32700,Found,1839,33.250000,-83.250000,"(33.25, -83.25)"
Bella Roca,5003,Valid,"Iron, IIIAB",33000,Found,1888,24.900000,-105.400000,"(24.9, -105.4)"
Jiddat al Harasis 406,48557,Valid,L6,33000,Found,2006,19.532680,56.872250,"(19.53268, 56.87225)"
Valencia,24147,Valid,H5,33500,Found,,39.000000,-0.033330,"(39.0, -0.03333)"
Gnowangerup,10937,Valid,"Iron, IIIAB",33600,Found,1976,-34.000000,118.100000,"(-34.0, 118.1)"
View Hill,24173,Valid,"Iron, IIIAB",33600,Found,1952,-43.320000,172.063330,"(-43.32, 172.06333)"
Cangas de Onis,5252,Valid,H5,34000,Fell,1866,43.383330,-5.150000,"(43.38333, -5.15)"
Jelica,12078,Valid,LL6,34000,Fell,1889,43.833330,20.441670,"(43.83333, 20.44167)"
Ställdalen,23712,Valid,H5,34000,Fell,1876,59.933330,14.950000,"(59.93333, 14.95)"
Broken Hill,5146,Valid,L6,34000,Found,1994,-31.833330,141.766670,"(-31.83333, 141.76667)"
Buck Mountains 003,44705,Valid,L6,34200,Found,2005,34.734500,-114.217170,"(34.7345, -114.21717)"
Plains,18839,Valid,H5,34300,Found,1964,33.283330,-102.766670,"(33.28333, -102.76667)"
Vermillion,24167,Valid,"Pallasite, ungrouped",34360,Found,1991,39.736330,-96.361330,"(39.73633, -96.36133)"
Guin,11445,Valid,"Iron, ungrouped",34500,Found,1969,33.966670,-87.916670,"(33.96667, -87.91667)"
Gursum,11465,Valid,H4/5,34650,Fell,1981,9.366670,42.416670,"(9.36667, 42.41667)"
Rowena,22772,Valid,H6,34700,Found,1962,-29.800000,148.633330,"(-29.8, 148.63333)"
Modoc (1905),16711,Valid,L6,35000,Fell,1905,38.500000,-101.100000,"(38.5, -101.1)"
Ladder Creek,12410,Valid,L6,35100,Found,1937,38.616670,-101.633330,"(38.61667, -101.63333)"
Lueders,14750,Valid,"Iron, IAB-MG",35400,Found,1973,32.836110,-99.604170,"(32.83611, -99.60417)"
Northwest Africa 6203,51736,Valid,"Iron, IAB-MG",35400,Found,2008,30.516670,-4.300000,"(30.51667, -4.3)"
Costilla Peak,5453,Valid,"Iron, IIIAB",35500,Found,1881,36.833330,-105.233330,"(36.83333, -105.23333)"
Coffeyville,51051,Valid,H5,35900,Found,2006,37.016670,-95.666670,"(37.01667, -95.66667)"
El Burro,7793,Valid,"Iron, IIAB",35900,Found,1939,29.333330,-101.833330,"(29.33333, -101.83333)"
Woolgorong,24334,Valid,L6,36000,Fell,1960,-27.750000,115.833330,"(-27.75, 115.83333)"
Eagle Station,7761,Valid,"Pallasite, PES",36000,Found,1880,38.616670,-84.966670,"(38.61667, -84.96667)"
Haskell,11849,Valid,L5,36000,Found,1909,33.213330,-99.731670,"(33.21333, -99.73167)"
Kansas City (1903),12248,Valid,H5,36000,Found,1903,39.100000,-94.633330,"(39.1, -94.63333)"
San Emigdio,23122,Valid,H4,36000,Found,1887,36.000000,-119.000000,"(36.0, -119.0)"
Melrose (a),15475,Valid,L5,36400,Found,1933,34.383330,-103.616670,"(34.38333, -103.61667)"
Songyuan,23668,Valid,L6,36900,Fell,1993,45.250000,125.000000,"(45.25, 125.0)"
L'Aigle,12434,Valid,L6,37000,Fell,1803,48.766670,0.633330,"(48.76667, 0.63333)"
Dhofar 1289,34505,Valid,L4,37000,Found,2004,18.633330,54.421670,"(18.63333, 54.42167)"
Waterville,24219,Valid,"Iron, IAB-ung",37125,Found,1917,47.767778,-119.876389,"(47.767778, -119.876389)"
Densmore (1879),6656,Valid,L6,37200,Found,1879,39.650000,-99.683330,"(39.65, -99.68333)"
Patwar,18171,Valid,Mesosiderite-A1,37350,Fell,1935,23.150000,91.183330,"(23.15, 91.18333)"
N'Goureyma,16968,Valid,"Iron, ungrouped",37500,Fell,1900,13.850000,-4.383330,"(13.85, -4.38333)"
Alatage,452,Valid,"Iron, IIIAB",37500,Found,1959,42.333330,93.000000,"(42.33333, 93.0)"
Albin (pallasite),455,Valid,"Pallasite, PMG",37600,Found,1915,41.500000,-104.100000,"(41.5, -104.1)"
Wonyulgunna,24329,Valid,"Iron, IIIAB",37800,Found,1937,-24.916670,120.066670,"(-24.91667, 120.06667)"
Avoca (Western Australia),4909,Valid,"Iron, IIIAB",37850,Found,1966,-30.850000,122.316670,"(-30.85, 122.31667)"
Bellsbank,5006,Valid,"Iron, IIG",38000,Found,1955,-28.083330,24.083330,"(-28.08333, 24.08333)"
Capot Rey,30449,Valid,H5,38000,Found,2004,20.125930,10.205600,"(20.12593, 10.2056)"
Mayfield,15450,Valid,H4,38400,Found,1972,37.308330,-97.545000,"(37.30833, -97.545)"
Lamont,12453,Valid,Mesosiderite,38690,Found,1940,38.077780,-96.026390,"(38.07778, -96.02639)"
Bunjil,5164,Valid,L6,38750,Found,1971,-29.629170,116.482220,"(-29.62917, 116.48222)"
Weaver Mountains,24227,Valid,"Iron, IVB",38800,Found,1898,34.250000,-112.750000,"(34.25, -112.75)"
Braunau,5133,Valid,"Iron, IIAB",39000,Fell,1847,50.600000,16.300000,"(50.6, 16.3)"
Guareña,11439,Valid,H6,39000,Fell,1892,38.733330,-6.016670,"(38.73333, -6.01667)"
Bechar 001,4988,Valid,L6,39000,Found,1998,30.833330,-3.333330,"(30.83333, -3.33333)"
Dhofar 1700,56325,Valid,L6,39000,Found,2010,18.866220,54.679670,"(18.86622, 54.67967)"
Manitouwabing,15406,Valid,"Iron, IIIAB",39000,Found,1962,45.440000,-79.875560,"(45.44, -79.87556)"
Shingle Springs,23535,Valid,"Iron, ungrouped",39000,Found,1869,38.666670,-120.933330,"(38.66667, -120.93333)"
Pinnaroo,18827,Valid,Mesosiderite-A4,39400,Found,1927,-35.383330,140.916670,"(-35.38333, 140.91667)"
Lohawat,14678,Valid,Howardite,40000,Fell,1994,26.965560,72.626670,"(26.96556, 72.62667)"
Olmedilla de Alarcón,18015,Valid,H5,40000,Fell,1929,39.566670,-2.100000,"(39.56667, -2.1)"
Pavlograd,18176,Valid,L6,40000,Fell,1826,48.533330,35.983330,"(48.53333, 35.98333)"
Sivas,23617,Valid,H6,40000,Fell,1989,39.824670,36.135830,"(39.82467, 36.13583)"
Uberaba,24096,Valid,H5,40000,Fell,1903,-19.816670,-48.783330,"(-19.81667, -48.78333)"
Calliham,5201,Valid,L6,40000,Found,1958,28.416670,-98.250000,"(28.41667, -98.25)"
Dronino,7732,Valid,"Iron, ungrouped",40000,Found,2000,54.746670,41.421670,"(54.74667, 41.42167)"
El Simbolar,7818,Valid,Iron,40000,Found,1938,-30.633330,-64.883330,"(-30.63333, -64.88333)"
Jerslev,12084,Valid,"Iron, IIAB",40000,Found,1976,55.608833,11.229167,"(55.608833, 11.229167)"
Nullarbor 001,17941,Valid,H5,40000,Found,1935,-31.000000,132.000000,"(-31.0, 132.0)"
Wynella,24343,Valid,H4,40000,Found,1945,-28.950000,148.133330,"(-28.95, 148.13333)"
Yilmia,30362,Valid,EL6,40000,Found,1969,-31.191670,121.533330,"(-31.19167, 121.53333)"
Johnstown,12198,Valid,Diogenite,40300,Fell,1924,40.350000,-104.900000,"(40.35, -104.9)"
Orlovka,18029,Valid,H5,40500,Found,1928,56.000000,76.750000,"(56.0, 76.75)"
Glenormiston,10933,Valid,"Iron, ungrouped",40800,Found,1925,-22.900000,138.716670,"(-22.9, 138.71667)"
Millen,16644,Valid,H4,40800,Found,1975,32.835280,-81.873890,"(32.83528, -81.87389)"
Richfield,22600,Valid,LL3.7,40800,Found,1983,37.222220,-101.681390,"(37.22222, -101.68139)"
Brownfield (1937),5151,Valid,H3.7,40960,Found,1937,33.216670,-102.183330,"(33.21667, -102.18333)"
Buzzard Coulee,48654,Valid,H4,41000,Fell,2008,52.996000,-109.848170,"(52.996, -109.84817)"
Balsas,4932,Valid,"Iron, IIIAB",41000,Found,1974,-7.531330,-46.041170,"(-7.53133, -46.04117)"
Butler,5182,Valid,"Iron, ungrouped",41000,Found,1874,38.300000,-94.366670,"(38.3, -94.36667)"
Obernkirchen,17976,Valid,"Iron, IVA",41000,Found,1863,52.266670,9.100000,"(52.26667, 9.1)"
Clovis (no. 2),5386,Valid,L6,41300,Found,1963,34.300000,-103.133330,"(34.3, -103.13333)"
Cacaria,5188,Valid,"Iron, IIIAB",41400,Found,1867,24.500000,-104.800000,"(24.5, -104.8)"
Al Huqf 010,443,Valid,L6,41539.300000000003,Found,2002,19.867850,57.002800,"(19.86785, 57.0028)"
Tieraco Creek,23987,Valid,"Iron, IIIAB",41700,Found,1922,-26.333330,118.333330,"(-26.33333, 118.33333)"
Karoonda,12264,Valid,CK4,41730,Fell,1930,-35.083330,139.916670,"(-35.08333, 139.91667)"
Anton,2311,Valid,H4,41800,Found,1965,33.782500,-102.181110,"(33.7825, -102.18111)"
Bonita Springs,5104,Valid,H5,41800,Found,1938,26.266670,-81.750000,"(26.26667, -81.75)"
Piplia Kalan,18831,Valid,Eucrite-mmict,42000,Fell,1996,26.034720,73.941670,"(26.03472, 73.94167)"
Zhaodong,30404,Valid,L4,42000,Fell,1984,45.816670,125.916670,"(45.81667, 125.91667)"
Macy,15378,Valid,L6,42000,Found,1984,34.216670,-103.916670,"(34.21667, -103.91667)"
Northwest Africa 055,17065,Valid,L4,42000,Found,,32.050000,-3.033330,"(32.05, -3.03333)"
Point Berliet,18854,Valid,H5,42000,Found,2001,20.537000,9.537830,"(20.537, 9.53783)"
Ballinoo,4931,Valid,"Iron, IIC",42200,Found,1892,-27.700000,115.766670,"(-27.7, 115.76667)"
Joe Wright Mountain,12174,Valid,"Iron, IIIAB",42600,Found,1884,35.766670,-91.500000,"(35.76667, -91.5)"
Dhofar 1426,35514,Valid,H~5,42850,Found,2001,19.173000,54.704070,"(19.173, 54.70407)"
Merceditas,15487,Valid,"Iron, IIIAB",42900,Found,1884,-26.333330,-70.283330,"(-26.33333, -70.28333)"
Aggie Creek,393,Valid,"Iron, IIIAB",43000,Found,1942,64.883330,-163.166670,"(64.88333, -163.16667)"
Chilkoot,5351,Valid,"Iron, IIIAB",43000,Found,1881,59.333330,-136.000000,"(59.33333, -136.0)"
Dhofar 1565,51570,Valid,H5,43000,Found,2008,18.273500,54.213670,"(18.2735, 54.21367)"
Lixian,56075,Valid,"Iron, IIAB",43000,Found,2005,29.851670,111.598330,"(29.85167, 111.59833)"
Northwest Africa 6411,52563,Valid,L5,43000,Found,2006,0.000000,0.000000,"(0.0, 0.0)"
Tombigbee River,24021,Valid,"Iron, IIG",43000,Found,1859,32.233330,-88.200000,"(32.23333, -88.2)"
Northwest Africa 7144,54896,Valid,H4,43418,Found,2011,0.000000,0.000000,"(0.0, 0.0)"
Staunton,23716,Valid,"Iron, IIIE",43500,Found,1869,38.216670,-79.050000,"(38.21667, -79.05)"
Sayh al Uhaymir 270,23443,Valid,H4-6,43508.2,Found,2003,20.729180,57.189000,"(20.72918, 57.189)"
Dhofar 1288,34504,Valid,H5,43600,Found,2004,18.278330,54.285000,"(18.27833, 54.285)"
Seminole,23488,Valid,H4,43900,Found,1961,32.683330,-102.616670,"(32.68333, -102.61667)"
Barwell,4954,Valid,L5,44000,Fell,1965,52.565280,-1.339720,"(52.56528, -1.33972)"
Dar al Gani 610,6157,Valid,H4,44000,Found,1998,26.850000,16.733330,"(26.85, 16.73333)"
Dix,7651,Valid,L6,44000,Found,1927,41.233330,-103.483330,"(41.23333, -103.48333)"
Horh Uul,11909,Valid,"Iron, IIIAB",44000,Found,2001,43.250000,104.166670,"(43.25, 104.16667)"
Rodeo,22643,Valid,"Iron, IID",44000,Found,1852,25.333330,-104.666670,"(25.33333, -104.66667)"
Ust-Nyukzha,24133,Valid,"Iron, IAB complex",44000,Found,1992,56.383330,120.466670,"(56.38333, 120.46667)"
Zemaitkiemis,30399,Valid,L6,44100,Fell,1933,55.300000,25.000000,"(55.3, 25.0)"
Kelly,12273,Valid,LL4,44300,Found,1937,40.466670,-103.033330,"(40.46667, -103.03333)"
Beenham,4995,Valid,L5,44400,Found,1937,36.216670,-103.650000,"(36.21667, -103.65)"
Northwest Africa 5460,49176,Valid,H4,44400,Found,2006,0.000000,0.000000,"(0.0, 0.0)"
Saginaw,22797,Valid,Iron,44500,Found,1979,32.865830,-97.323060,"(32.86583, -97.32306)"
Dhofar 1433,45837,Valid,H5,44790,Found,2006,18.433330,54.100000,"(18.43333, 54.1)"
Bensour,5024,Valid,LL6,45000,Fell,2002,30.000000,-7.000000,"(30.0, -7.0)"
Dhajala,6698,Valid,H3.8,45000,Fell,1976,22.377780,71.427220,"(22.37778, 71.42722)"
Kuttippuram,12384,Valid,L6,45000,Fell,1914,10.833330,76.033330,"(10.83333, 76.03333)"
Kyushu,12390,Valid,L6,45000,Fell,1886,32.033330,130.633330,"(32.03333, 130.63333)"
La Criolla,12396,Valid,L6,45000,Fell,1985,-31.233330,-58.166670,"(-31.23333, -58.16667)"
Marjalahti,15426,Valid,"Pallasite, PMG",45000,Fell,1902,61.500000,30.500000,"(61.5, 30.5)"
Hammadah al Hamra 173,11656,Valid,L6,45000,Found,1996,28.636670,13.196500,"(28.63667, 13.1965)"
Sandia Mountains,23156,Valid,"Iron, IIAB",45000,Found,1925,35.250000,-106.500000,"(35.25, -106.5)"
Vyatka,24193,Valid,H4,45000,Found,1991,57.533330,49.000000,"(57.53333, 49.0)"
Wellman (c),24239,Valid,H4,45000,Found,1964,33.033330,-102.333330,"(33.03333, -102.33333)"
Thuathe,23976,Valid,H4/5,45300,Fell,2002,-29.333330,27.583330,"(-29.33333, 27.58333)"
Needles,16936,Valid,"Iron, IID",45300,Found,1962,34.444170,-114.832500,"(34.44417, -114.8325)"
Northwest Africa 7150,54902,Valid,H4,45326,Found,2011,0.000000,0.000000,"(0.0, 0.0)"
Woodward County,24333,Valid,H4,45500,Found,1923,36.500000,-99.500000,"(36.5, -99.5)"
Peace River,18180,Valid,L6,45760,Fell,1963,56.133330,-117.933330,"(56.13333, -117.93333)"
Asuka 87251,2608,Valid,LL6,46000,Found,1987,-72.000000,26.000000,"(-72.0, 26.0)"
Linwood,14657,Valid,"Iron, IAB-MG",46000,Found,1940,41.433330,-96.966670,"(41.43333, -96.96667)"
Dumas (a),7741,Valid,H5,46050,Found,1956,35.900000,-101.900000,"(35.9, -101.9)"
Jiddat al Harasis 203,45839,Valid,Mesosiderite-C2,46200,Found,2002,19.983000,56.413680,"(19.983, 56.41368)"
Osseo,18037,Valid,"Iron, IAB complex",46300,Found,1931,47.633330,-80.083330,"(47.63333, -80.08333)"
Cuero,5493,Valid,H5,46500,Found,1936,29.016670,-97.283330,"(29.01667, -97.28333)"
Harrisonville,11844,Valid,L6,46500,Found,1933,38.650000,-94.333330,"(38.65, -94.33333)"
Lakewood,12450,Valid,L6,46500,Found,1955,32.629720,-104.350000,"(32.62972, -104.35)"
Rancho de la Pila (1882),22389,Valid,"Iron, IIIAB",46500,Found,1882,24.116670,-104.300000,"(24.11667, -104.3)"
Gomez,10944,Valid,L6,47000,Found,1974,33.181390,-102.401390,"(33.18139, -102.40139)"
Roy (1933),22774,Valid,L5,47200,Found,1933,35.950000,-104.200000,"(35.95, -104.2)"
Red Rock,22549,Valid,"Iron, IIIAB",47600,Found,1976,35.416670,-117.916670,"(35.41667, -117.91667)"
Dresden (Ontario),7731,Valid,H6,47700,Fell,1939,42.520000,-82.260000,"(42.52, -82.26)"
Jackalsfontein,12065,Valid,L6,48000,Fell,1903,-32.500000,21.900000,"(-32.5, 21.9)"
Bagnone,4921,Valid,"Iron, IIIAB",48000,Found,1904,44.316670,9.983330,"(44.31667, 9.98333)"
Sukhoj Liman,23739,Valid,H4/5,48000,Found,1987,46.400000,30.800000,"(46.4, 30.8)"
Woodbine,24330,Valid,"Iron, IAB-ung",48200,Found,1953,42.346670,-90.167500,"(42.34667, -90.1675)"
Bischtübe,5057,Valid,"Iron, IAB-sLL",48250,Found,1888,51.950000,62.200000,"(51.95, 62.2)"
Cabin Creek,5186,Valid,"Iron, IIIAB",48500,Fell,1886,35.500000,-93.500000,"(35.5, -93.5)"
Bear Lodge,4983,Valid,"Iron, IIIAB",48500,Found,1931,44.500000,-104.200000,"(44.5, -104.2)"
Crab Orchard,5461,Valid,Mesosiderite-A1,48500,Found,1887,35.833330,-84.916670,"(35.83333, -84.91667)"
Thule,23977,Valid,"Iron, IIIAB",48600,Found,1955,76.533330,-67.550000,"(76.53333, -67.55)"
Hraschina,11916,Valid,"Iron, IID",49000,Fell,1751,46.100000,16.333330,"(46.1, 16.33333)"
Agua Blanca,397,Valid,"Iron, IIIAB",49000,Found,1938,-28.916670,-66.950000,"(-28.91667, -66.95)"
Mapleton,15410,Valid,"Iron, IIIAB",49000,Found,1939,42.183330,-95.716670,"(42.18333, -95.71667)"
Jiddat al Harasis 342,45866,Valid,L5,49750,Found,2006,19.714580,56.547550,"(19.71458, 56.54755)"
Akyumak,433,Valid,"Iron, IVA",50000,Fell,1981,39.916670,42.816670,"(39.91667, 42.81667)"
Aumale,4899,Valid,L6,50000,Fell,1865,36.166670,3.666670,"(36.16667, 3.66667)"
Ausson,4903,Valid,L5,50000,Fell,1858,43.083330,0.583330,"(43.08333, 0.58333)"
Krymka,12364,Valid,LL3.2,50000,Fell,1946,47.833330,30.766670,"(47.83333, 30.76667)"
Limerick,14652,Valid,H5,50000,Fell,1813,52.566670,-8.783330,"(52.56667, -8.78333)"
Nuevo Mercurio,17938,Valid,H5,50000,Fell,1978,24.300000,-102.133330,"(24.3, -102.13333)"
Valera,24149,Valid,L5,50000,Fell,1972,9.316670,-70.628330,"(9.31667, -70.62833)"
Wuan,24340,Valid,H6,50000,Fell,1986,36.750000,114.250000,"(36.75, 114.25)"
Dhofar 1654,55572,Valid,L5,50000,Found,2011,18.678770,54.287600,"(18.67877, 54.2876)"
Hammadah al Hamra 153,11636,Valid,H3.8-4,50000,Found,1995,28.600330,13.577500,"(28.60033, 13.5775)"
Hinojal,11887,Valid,L6,50000,Found,1927,-32.366670,-60.150000,"(-32.36667, -60.15)"
Ingella Station,12034,Valid,H5,50000,Found,1987,-25.550000,142.783330,"(-25.55, 142.78333)"
Northwest Africa 5775,49455,Valid,LL5,50000,Found,2006,0.000000,0.000000,"(0.0, 0.0)"
Northwest Africa 6903,53891,Valid,"Iron, IIIAB",50000,Found,2008,32.371670,-6.360000,"(32.37167, -6.36)"
Waconda,24195,Valid,L6,50000,Found,1873,39.333330,-98.166670,"(39.33333, -98.16667)"
Winburg,24283,Valid,"Iron, IC-an",50000,Found,1881,-28.500000,27.000000,"(-28.5, 27.0)"
Zagora,30387,Valid,"Iron, IAB-ung",50000,Found,1987,30.366670,-5.850000,"(30.36667, -5.85)"
Northwest Africa 1581,17340,Valid,L6,50200,Found,2001,31.383330,-4.250000,"(31.38333, -4.25)"
Santa Vitoria do Palmar,35478,Valid,L3,50400,Found,2003,-33.509440,-53.410830,"(-33.50944, -53.41083)"
Davy (a),6616,Valid,L4,50600,Found,1940,29.100000,-97.600000,"(29.1, -97.6)"
Richland,22601,Valid,"Iron, IIAB",50600,Found,1951,31.900000,-96.400000,"(31.9, -96.4)"
La Grange,12399,Valid,"Iron, IVA",50800,Found,1860,38.400000,-85.366670,"(38.4, -85.36667)"
Willow Creek,24276,Valid,"Iron, IIIE",51000,Found,1914,43.466670,-106.766670,"(43.46667, -106.76667)"
Mungindi,16872,Valid,"Iron, IAB-sLM",51300,Found,1897,-28.933330,148.950000,"(-28.93333, 148.95)"
Leedey,12755,Valid,L6,51500,Fell,1943,35.883330,-99.333330,"(35.88333, -99.33333)"
Lancé,12455,Valid,CO3.5,51700,Fell,1872,47.700000,1.066670,"(47.7, 1.06667)"
Grand Rapids,10955,Valid,"Iron, ungrouped",51700,Found,1883,42.966670,-85.766670,"(42.96667, -85.76667)"
Ilimaes (iron),12022,Valid,"Iron, IIIAB",51700,Found,1870,-26.000000,-70.000000,"(-26.0, -70.0)"
Benjamin,5020,Valid,H4/5,51800,Found,1969,33.583330,-99.800000,"(33.58333, -99.8)"
Stannern,23713,Valid,Eucrite-mmict,52000,Fell,1808,49.283330,15.566670,"(49.28333, 15.56667)"
Ahumada,419,Valid,"Pallasite, PMG",52600,Found,1909,30.700000,-105.500000,"(30.7, -105.5)"
Nan Yang Pao,16903,Valid,L6,52900,Fell,1917,35.666670,103.500000,"(35.66667, 103.5)"
Dalton,5509,Valid,"Iron, IIIAB",53000,Found,1879,34.800000,-84.983330,"(34.8, -84.98333)"
Ruff's Mountain,22779,Valid,"Iron, IIIAB",53070,Found,1844,34.300000,-81.400000,"(34.3, -81.4)"
Kumerina,12375,Valid,"Iron, IIC",53500,Found,1937,-24.916670,119.416670,"(-24.91667, 119.41667)"
Veramin,24162,Valid,Mesosiderite-B2,54000,Fell,1880,35.333330,51.633330,"(35.33333, 51.63333)"
Chihuahua City,5350,Valid,"Iron, IC",54000,Found,1929,28.666670,-106.116670,"(28.66667, -106.11667)"
Dunganville,7748,Valid,"Iron, IIIAB",54000,Found,1976,-42.550000,171.350000,"(-42.55, 171.35)"
Uwet,24138,Valid,"Iron, IIAB",54000,Found,1903,5.283330,8.250000,"(5.28333, 8.25)"
Markovka,15427,Valid,H4,54200,Found,1967,52.400000,79.800000,"(52.4, 79.8)"
Aprel'sky,2319,Valid,"Iron, IIIAB",54600,Found,1969,53.300000,126.116670,"(53.3, 126.11667)"
Elenovka,7824,Valid,L5,54640,Fell,1951,47.833330,37.666670,"(47.83333, 37.66667)"
Rosebud,22767,Valid,H5,54900,Found,1915,30.816670,-97.050000,"(30.81667, -97.05)"
Wellman (a),24237,Valid,H5,55000,Found,1940,33.033330,-102.333330,"(33.03333, -102.33333)"
Kulnine,12372,Valid,L6,55300,Found,1886,-34.150000,141.783330,"(-34.15, 141.78333)"
Ashmore,2349,Valid,H5,55400,Found,1969,32.900000,-102.283330,"(32.9, -102.28333)"
Jenkins,12080,Valid,"Iron, IAB-MG",55400,Found,1946,36.824440,-93.761110,"(36.82444, -93.76111)"
Farmville,10075,Valid,H4,56000,Fell,1934,35.550000,-77.533330,"(35.55, -77.53333)"
Warburton Range,24212,Valid,"Iron, IVB",56930,Found,1963,-26.283330,126.666670,"(-26.28333, 126.66667)"
Gladstone (stone),10921,Valid,H4,57300,Found,1936,36.300000,-104.000000,"(36.3, -104.0)"
Miami,16630,Valid,H5,57700,Found,1930,35.666670,-100.600000,"(35.66667, -100.6)"
Phillips County (stone),18808,Valid,L6,57900,Fell,1901,40.000000,-99.250000,"(40.0, -99.25)"
Julesburg,12208,Valid,L3.6,57900,Found,1983,39.975000,-102.266670,"(39.975, -102.26667)"
Ivanpah,12062,Valid,"Iron, IIIAB",58000,Found,1880,35.333330,-115.316670,"(35.33333, -115.31667)"
Aliskerovo,472,Valid,"Iron, IIIE-an",58400,Found,1977,67.883330,167.500000,"(67.88333, 167.5)"
Guadalupe y Calvo,11431,Valid,"Iron, IIAB",58630,Found,1971,26.100000,-106.966670,"(26.1, -106.96667)"
Łowicz,14718,Valid,Mesosiderite-A3,59000,Fell,1935,52.000000,19.916670,"(52.0, 19.91667)"
Bohumilitz,5099,Valid,"Iron, IAB-MG",59000,Found,1829,49.050000,13.766670,"(49.05, 13.76667)"
Piedade do Bagre,18817,Valid,"Iron, ungrouped",59000,Found,1922,-18.941670,-44.983330,"(-18.94167, -44.98333)"
Quijingue,22362,Valid,"Pallasite, PMG",59000,Found,1984,-10.750000,-39.216670,"(-10.75, -39.21667)"
Derrick Peak A78008,6684,Valid,"Iron, IIAB",59400,Found,1978,-80.066670,156.383330,"(-80.06667, 156.38333)"
Hex River Mountains,11880,Valid,"Iron, IIAB",60000,Found,1882,-33.316670,19.616670,"(-33.31667, 19.61667)"
Nicolás Levalle,52413,Valid,L5,60000,Found,1956,-38.850280,-62.878890,"(-38.85028, -62.87889)"
Savannah,23189,Valid,"Iron, IIIAB",60000,Found,1923,35.166670,-88.183330,"(35.16667, -88.18333)"
Yongning,30365,Valid,"Iron, IAB-ung",60000,Found,1971,22.750000,108.333330,"(22.75, 108.33333)"
Covert,5456,Valid,H5,61000,Found,1896,39.200000,-98.783330,"(39.2, -98.78333)"
Gold Basin,10940,Valid,L4,61000,Found,1995,35.875000,-114.233330,"(35.875, -114.23333)"
Thunda,23978,Valid,"Iron, IIIAB",62100,Found,1881,-25.700000,143.050000,"(-25.7, 143.05)"
Tanezrouft 072,31333,Valid,H6,62285,Found,2002,24.438170,0.103000,"(24.43817, 0.103)"
Treysa,24050,Valid,"Iron, IIIAB-an",63000,Fell,1916,50.916670,9.183330,"(50.91667, 9.18333)"
Derrick Peak 88017,6668,Valid,"Iron, IIAB",63000,Found,1988,-80.066670,156.383330,"(-80.06667, 156.38333)"
Santa Clara,23163,Valid,"Iron, IVB",63000,Found,1976,24.466670,-103.350000,"(24.46667, -103.35)"
Signal Mountain,23592,Valid,"Iron, IVA",63500,Found,1919,32.500000,-115.500000,"(32.5, -115.5)"
Bocaiuva,5092,Valid,"Iron, ungrouped",64000,Found,1965,-17.166670,-43.833330,"(-17.16667, -43.83333)"
Sychevka,23772,Valid,"Iron, IIIAB",65000,Found,1988,51.125000,127.495000,"(51.125, 127.495)"
Timochin,24004,Valid,H5,65500,Fell,1807,54.500000,35.200000,"(54.5, 35.2)"
Pervomaisky,18798,Valid,L6,66000,Fell,1933,56.633330,39.433330,"(56.63333, 39.43333)"
Rahimyar Khan,31302,Valid,L5,67225,Fell,1983,28.225000,70.200000,"(28.225, 70.2)"
Springwater,23692,Valid,"Pallasite, PMG-an",67600,Found,1931,52.000000,-108.300000,"(52.0, -108.3)"
Burlington,5172,Valid,"Iron, IIIE",68000,Found,1819,42.750000,-75.183330,"(42.75, -75.18333)"
Hamilton (Queensland),11483,Valid,L6,68000,Found,1966,-28.483330,148.250000,"(-28.48333, 148.25)"
Marlow,15428,Valid,L5,68000,Found,1936,34.600000,-97.916670,"(34.6, -97.91667)"
Soledade,23662,Valid,"Iron, IAB-MG",68000,Found,1986,-29.050000,-51.433330,"(-29.05, -51.43333)"
Wu-chu-mu-ch'in,24341,Valid,"Iron, IAB-ung",68860,Found,1920,45.500000,118.000000,"(45.5, 118.0)"
Xinyi,24347,Valid,H5,69000,Found,1975,34.366670,118.333330,"(34.36667, 118.33333)"
Landes,12457,Valid,"Iron, IAB-MG",69800,Found,1930,38.900000,-79.183330,"(38.9, -79.18333)"
Smithonia,23651,Valid,"Iron, IIAB",69900,Found,1940,34.000000,-83.166670,"(34.0, -83.16667)"
Peña Blanca Spring,18786,Valid,Aubrite,70000,Fell,1946,30.125000,-103.116670,"(30.125, -103.11667)"
Lahmada 009,12422,Valid,H3-6,70000,Found,1999,27.166670,-9.500000,"(27.16667, -9.5)"
Mahadevpur,47361,Valid,H4/5,70500,Fell,2007,27.666670,95.783330,"(27.66667, 95.78333)"
Smithville,23654,Valid,"Iron, IAB-MG",70500,Found,1840,35.983330,-85.850000,"(35.98333, -85.85)"
Tlacotepec,24013,Valid,"Iron, IVB",71000,Found,1903,18.650000,-97.550000,"(18.65, -97.55)"
Wooramel,24335,Valid,L5,71000,Found,1969,-25.650000,114.216670,"(-25.65, 114.21667)"
Sierra Colorada,23588,Valid,L5,71300,Found,1995,-40.800000,-67.483330,"(-40.8, -67.48333)"
Merua,15492,Valid,H5,71400,Fell,1920,25.483330,81.983330,"(25.48333, 81.98333)"
Portales Valley,18874,Valid,H6,71400,Fell,1998,34.175000,-103.295000,"(34.175, -103.295)"
Mafuta,15384,Valid,"Iron, IID",71500,Found,1984,-16.902500,30.407220,"(-16.9025, 30.40722)"
Isoulane-n-Amahar,12052,Valid,L6,72000,Found,1945,27.129170,8.667220,"(27.12917, 8.66722)"
Uruaçu,24131,Valid,"Iron, IAB-MG",72500,Found,1992,-14.533330,-48.766670,"(-14.53333, -48.76667)"
Uwharrie,24139,Valid,"Iron, IIIAB",72700,Found,1930,35.516670,-79.966670,"(35.51667, -79.96667)"
Nelson County,16942,Valid,"Iron, IIIF",73030,Found,1856,37.750000,-85.500000,"(37.75, -85.5)"
Toufassour,47702,Valid,Mesosiderite,73300,Found,2007,29.652250,-7.749300,"(29.65225, -7.7493)"
Ethiudna,10060,Valid,L4,74318,Found,1977,-32.033330,139.783330,"(-32.03333, 139.78333)"
Hunter,11987,Valid,LL5,74600,Found,1962,36.560000,-97.666670,"(36.56, -97.66667)"
Tilden,23998,Valid,L6,74800,Fell,1927,38.200000,-89.683330,"(38.2, -89.68333)"
Walker County,24204,Valid,"Iron, IIAB",74800,Found,1832,34.000000,-87.166670,"(34.0, -87.16667)"
Wolsey,24328,Valid,"Iron, IAB-MG",74830,Found,1981,44.400000,-98.533330,"(44.4, -98.53333)"
Acme,371,Valid,H5,75000,Found,1947,33.633330,-104.266670,"(33.63333, -104.26667)"
Bayard,4978,Valid,L5,75000,Found,1982,41.816670,-103.366670,"(41.81667, -103.36667)"
Xingyang,24346,Valid,H6,75500,Fell,1977,32.333330,114.316670,"(32.33333, 114.31667)"
Tawallah Valley,23889,Valid,"Iron, IVB",75750,Found,1939,-15.700000,135.666670,"(-15.7, 135.66667)"
Augusta County,4897,Valid,"Iron, IIIAB",76000,Found,1858,38.166670,-79.083330,"(38.16667, -79.08333)"
Northbranch,17010,Valid,H5,76000,Found,1972,39.991670,-98.341670,"(39.99167, -98.34167)"
Yelland Dry Lake,52641,Valid,H4,76000,Found,2007,39.350670,-114.407830,"(39.35067, -114.40783)"
Jiddat al Harasis 230,35549,Valid,L5,77000,Found,2005,19.712700,56.582770,"(19.7127, 56.58277)"
Moorumbunna,16739,Valid,"Iron, IIIAB",77000,Found,1943,-28.916670,136.250000,"(-28.91667, 136.25)"
Parnallee,18108,Valid,LL3.6,77600,Fell,1857,9.233330,78.350000,"(9.23333, 78.35)"
Finmarken,10103,Valid,"Pallasite, PMG",78300,Found,1902,70.000000,24.000000,"(70.0, 24.0)"
Belle Plaine,5004,Valid,L6,78800,Found,1950,37.316670,-97.250000,"(37.31667, -97.25)"
Mrirt,16819,Valid,Iron,79900,Found,1937,33.133330,-5.566670,"(33.13333, -5.56667)"
Kernouve,12284,Valid,H6,80000,Fell,1869,48.116670,-3.083330,"(48.11667, -3.08333)"
Soko-Banja,23661,Valid,LL4,80000,Fell,1877,43.666670,21.866670,"(43.66667, 21.86667)"
Baygorria,4980,Valid,"Iron, IAB complex",80000,Found,1994,-33.000000,-56.000000,"(-33.0, -56.0)"
Unter-Mässing,24124,Valid,"Iron, IIC",80000,Found,1920,49.090280,11.333330,"(49.09028, 11.33333)"
Vera,24161,Valid,L/LL4,80000,Found,1941,-29.916670,-60.283330,"(-29.91667, -60.28333)"
Ainsworth,422,Valid,"Iron, IIAB",80650,Found,1907,42.600000,-99.800000,"(42.6, -99.8)"
Carlton,5277,Valid,"Iron, IAB-sLM",81200,Found,1887,31.916670,-98.033330,"(31.91667, -98.03333)"
Renfrow,22588,Valid,L6,81600,Found,1986,36.986670,-97.555000,"(36.98667, -97.555)"
Gretna,11201,Valid,L5,82000,Found,1912,39.933330,-99.216670,"(39.93333, -99.21667)"
Ness County (1894),16946,Valid,L6,82000,Found,1894,38.500000,-99.600000,"(38.5, -99.6)"
Bruceville,5155,Valid,L6,83000,Found,1998,38.295000,-121.405000,"(38.295, -121.405)"
Gan Gan,10852,Valid,"Iron, IVA",83000,Found,1984,-42.666670,-68.083330,"(-42.66667, -68.08333)"
Kayakent,12268,Valid,"Iron, IIIAB",85000,Fell,1961,39.263330,31.780000,"(39.26333, 31.78)"
Apoala,2317,Valid,"Iron, IIIAB",85000,Found,1889,17.700000,-97.000000,"(17.7, -97.0)"
Juanita de Angeles,12204,Valid,H5,85000,Found,1992,28.416670,-105.083330,"(28.41667, -105.08333)"
Zapaliname,30392,Valid,"Iron, IAB-MG",85000,Found,1998,25.009440,-100.750000,"(25.00944, -100.75)"
Bath Furnace,4975,Valid,L6,86000,Fell,1902,38.250000,-83.750000,"(38.25, -83.75)"
Tulia (a),24066,Valid,H3-4,86000,Found,1917,34.616670,-101.950000,"(34.61667, -101.95)"
Roebourne,22644,Valid,"Iron, IIIAB",86860,Found,1892,-22.333330,118.000000,"(-22.33333, 118.0)"
Wagon Mound,24196,Valid,L6,87500,Found,1932,35.840830,-104.585830,"(35.84083, -104.58583)"
Mills,16687,Valid,H6,88000,Found,1970,36.230000,-104.118890,"(36.23, -104.11889)"
Northwest Africa 6727,53763,Valid,L5,88000,Found,2006,0.000000,0.000000,"(0.0, 0.0)"
San Angelo,23117,Valid,"Iron, IIIAB",88000,Found,1897,31.416670,-100.350000,"(31.41667, -100.35)"
Bennett County,5022,Valid,"Iron, IIAB",89000,Found,1934,43.500000,-101.250000,"(43.5, -101.25)"
Farmington,10074,Valid,L5,89400,Fell,1890,39.750000,-97.033330,"(39.75, -97.03333)"
Mincy,16694,Valid,Mesosiderite-B4,89400,Found,1857,36.550000,-93.100000,"(36.55, -93.1)"
Richardton,22599,Valid,H5,90000,Fell,1918,46.883330,-102.316670,"(46.88333, -102.31667)"
ad-Dahbubah,376,Valid,H5,90000,Found,1961,19.833330,51.250000,"(19.83333, 51.25)"
Juvinas,12214,Valid,Eucrite-mmict,91000,Fell,1821,44.716670,4.300000,"(44.71667, 4.3)"
Laguna Manantiales,12413,Valid,Iron,92000,Found,1945,-48.583330,-67.416670,"(-48.58333, -67.41667)"
Karee Kloof,12259,Valid,"Iron, IAB-sLL",92100,Found,1914,-31.600000,25.800000,"(-31.6, 25.8)"
Jiddat al Harasis 090,12149,Valid,L5,92667.6,Found,2002,19.716780,56.606200,"(19.71678, 56.6062)"
Wiltshire,56143,Valid,H5,92750,Found,,51.149670,-1.810000,"(51.14967, -1.81)"
Watson 001,24221,Valid,"Iron, IIE",93000,Found,1972,-30.500000,131.550000,"(-30.5, 131.55)"
Machinga,15371,Valid,L6,93200,Fell,1981,-15.212220,35.242220,"(-15.21222, 35.24222)"
Concho,5417,Valid,L6,93500,Found,1939,32.000000,-101.500000,"(32.0, -101.5)"
Carver,5284,Valid,"Iron, IIAB",94000,Found,1935,32.000000,-86.000000,"(32.0, -86.0)"
Weekeroo Station,24230,Valid,"Iron, IIE-an",94200,Found,1924,-32.266670,139.866670,"(-32.26667, 139.86667)"
Loreto,14705,Valid,"Iron, IIIAB",94800,Found,1896,26.016670,-111.366670,"(26.01667, -111.36667)"
Zavid,30396,Valid,L6,95000,Fell,1897,44.400000,19.116670,"(44.4, 19.11667)"
Dar al Gani 749,6296,Valid,CO3,95000,Found,1999,27.301670,15.764500,"(27.30167, 15.7645)"
Palmas de Monte Alto,48959,Valid,"Iron, IIIAB",97000,Found,1954,-14.367500,-43.022780,"(-14.3675, -43.02278)"
Steinbach,23722,Valid,"Iron, IVA-an",98000,Found,1724,50.500000,12.500000,"(50.5, 12.5)"
Social Circle,23659,Valid,"Iron, IVA",99300,Found,1927,33.700000,-83.700000,"(33.7, -83.7)"
Chelyabinsk,57165,Valid,LL5,100000,Fell,2013,54.816670,61.116670,"(54.81667, 61.11667)"
Chergach ,47347,Valid,H5,100000,Fell,2007,23.696390,-5.014720,"(23.69639, -5.01472)"
Gujba,11449,Valid,CBa,100000,Fell,1984,11.491670,11.658330,"(11.49167, 11.65833)"
Juancheng,12203,Valid,H5,100000,Fell,1997,35.500000,115.416670,"(35.5, 115.41667)"
Kidairat,12300,Valid,H6,100000,Fell,1983,14.000000,28.000000,"(14.0, 28.0)"
Murchison,16875,Valid,CM2,100000,Fell,1969,-36.616670,145.200000,"(-36.61667, 145.2)"
Paranaiba,18103,Valid,L6,100000,Fell,1956,-19.133330,-51.666670,"(-19.13333, -51.66667)"
Tamdakht,48691,Valid,H5,100000,Fell,2008,31.163330,-7.015000,"(31.16333, -7.015)"
Agoudal,57354,Valid,"Iron, IIAB",100000,Found,2000,31.984570,-5.515280,"(31.98457, -5.51528)"
Anyujskij,2312,Valid,"Iron, IIAB",100000,Found,1981,66.900000,164.200000,"(66.9, 164.2)"
Bou Azarif,53812,Valid,H5,100000,Found,2010,31.156430,-5.152620,"(31.15643, -5.15262)"
Budulan,5161,Valid,Mesosiderite-B4,100000,Found,1962,50.566670,114.900000,"(50.56667, 114.9)"
Cook 007,5427,Valid,H4,100000,Found,1989,-30.616670,130.416670,"(-30.61667, 130.41667)"
Dimitrovgrad,7644,Valid,"Iron, IIIAB",100000,Found,1949,43.046390,22.863890,"(43.04639, 22.86389)"
Faucett,10077,Valid,H5,100000,Found,1966,39.616670,-94.866670,"(39.61667, -94.86667)"
Franconia,10174,Valid,H5,100000,Found,2002,34.716370,-114.221970,"(34.71637, -114.22197)"
Lutschaunig's Stone,14762,Valid,L6,100000,Found,1861,-27.000000,-70.000000,"(-27.0, -70.0)"
Northwest Africa 4502,45481,Valid,CV3,100000,Found,2005,0.000000,0.000000,"(0.0, 0.0)"
Pierceville (iron),18819,Valid,"Iron, IIIAB",100000,Found,1917,37.866670,-100.666670,"(37.86667, -100.66667)"
Retuerta del Bullaque,56577,Valid,"Iron, IAB-MG",100000,Found,1980,39.458890,-4.377500,"(39.45889, -4.3775)"
Zhongxiang,30406,Valid,Iron,100000,Found,1981,31.200000,112.500000,"(31.2, 112.5)"
Sevrukovo,23509,Valid,L5,101000,Fell,1874,50.616670,36.600000,"(50.61667, 36.6)"
Seeläsgen,23474,Valid,"Iron, IAB-MG",102000,Found,1847,52.266670,15.550000,"(52.26667, 15.55)"
Rifle,22605,Valid,"Iron, IAB-MG",102700,Found,1948,38.516670,-107.833330,"(38.51667, -107.83333)"
Udei Station,24101,Valid,"Iron, IAB-ung",103000,Fell,1927,7.950000,8.083330,"(7.95, 8.08333)"
Colby (Wisconsin),5395,Valid,L6,104000,Fell,1917,44.900000,-90.283330,"(44.9, -90.28333)"
Juncal,12211,Valid,"Iron, IIIAB",104000,Found,1866,-26.000000,-69.250000,"(-26.0, -69.25)"
Molong,16716,Valid,"Pallasite, PMG",104000,Found,1912,-33.283330,148.883330,"(-33.28333, 148.88333)"
Chico,5346,Valid,L6,104800,Found,1954,36.500000,-104.200000,"(36.5, -104.2)"
Cook 001,5421,Valid,H5,105000,Found,1989,-30.333330,130.533330,"(-30.33333, 130.53333)"
Faith,10071,Valid,H5,105000,Found,1952,45.333330,-102.083330,"(45.33333, -102.08333)"
Abee,6,Valid,EH4,107000,Fell,1952,54.216670,-113.000000,"(54.21667, -113.0)"
Elbogen,7823,Valid,"Iron, IID",107000,Fell,1399,50.183330,12.733330,"(50.18333, 12.73333)"
Zhovtnevyi,30407,Valid,H6,107000,Fell,1938,47.583330,37.250000,"(47.58333, 37.25)"
Tiberrhamine,23985,Valid,L6,107000,Found,1967,28.116670,0.533330,"(28.11667, 0.53333)"
Lenarto,12763,Valid,"Iron, IIIAB",108500,Found,1814,49.000000,21.000000,"(49.0, 21.0)"
Mount Tazerzait,16804,Valid,L5,110000,Fell,1991,18.700000,4.800000,"(18.7, 4.8)"
Sulagiri,48951,Valid,LL6,110000,Fell,2008,12.666670,78.033330,"(12.66667, 78.03333)"
Lewis Cliff 85320,12790,Valid,H5,110224,Found,1985,-84.262230,161.416280,"(-84.26223, 161.41628)"
Etosha,10061,Valid,"Iron, IC",110700,Found,1970,-18.500000,16.000000,"(-18.5, 16.0)"
Florey,10112,Valid,H6,110800,Found,1978,32.522500,-102.705000,"(32.5225, -102.705)"
Oakley (iron),17972,Valid,"Iron, IIIF",111000,Found,1926,42.333330,-113.700000,"(42.33333, -113.7)"
Gundaring,11452,Valid,"Iron, IIIAB",112500,Found,1937,-33.300000,117.666670,"(-33.3, 117.66667)"
Buenaventura,5162,Valid,"Iron, IIIAB",113600,Found,1969,29.800000,-107.550000,"(29.8, -107.55)"
Caperr,5263,Valid,"Iron, IIIAB",113900,Found,1869,-45.283330,-70.483330,"(-45.28333, -70.48333)"
Tafassasset,23779,Valid,CR-an,114000,Found,2000,20.763330,10.441670,"(20.76333, 10.44167)"
Cleveland,5379,Valid,"Iron, IIIAB",115000,Found,1860,34.883330,-84.783330,"(34.88333, -84.78333)"
Northwest Africa 6947,54510,Valid,H5,115777,Found,2011,0.000000,0.000000,"(0.0, 0.0)"
Para de Minas,18099,Valid,"Iron, IVA",116300,Found,1934,-19.866670,-44.616670,"(-19.86667, -44.61667)"
Bencubbin,5014,Valid,CBa,118000,Found,1930,-30.750000,117.783330,"(-30.75, 117.78333)"
Scurry,23468,Valid,H5,118000,Found,1937,32.500000,-101.000000,"(32.5, -101.0)"
Duketon,7740,Valid,"Iron, IIIAB",118300,Found,1948,-27.500000,122.366670,"(-27.5, 122.36667)"
Youanmi,30373,Valid,"Iron, IIIAB",118400,Found,1917,-29.500000,118.750000,"(-29.5, 118.75)"
Santiago Papasquiero,23169,Valid,"Iron, ungrouped",119500,Found,1958,24.500000,-106.000000,"(24.5, -106.0)"
Bur-Gheluai,5169,Valid,H5,120000,Fell,1919,5.000000,48.000000,"(5.0, 48.0)"
Jiddat al Harasis 091,12150,Valid,L5,123374,Found,2002,19.693620,56.654320,"(19.69362, 56.65432)"
Dhofar 005,6704,Valid,L6,125500,Found,2000,18.166670,54.166670,"(18.16667, 54.16667)"
Ensisheim,10039,Valid,LL6,127000,Fell,1491,47.866670,7.350000,"(47.86667, 7.35)"
Carthage,5282,Valid,"Iron, IIIAB",127000,Found,1840,36.266670,-85.983330,"(36.26667, -85.98333)"
Ozona,18066,Valid,H6,127500,Found,1929,30.733330,-101.300000,"(30.73333, -101.3)"
Chebankol,5335,Valid,"Iron, IAB-sHL",127760,Found,1938,53.666670,88.000000,"(53.66667, 88.0)"
Dong Ujimqin Qi,7706,Valid,Mesosiderite,128800,Fell,1995,45.500000,119.033330,"(45.5, 119.03333)"
Araslanovo,2324,Valid,L/LL5,132000,Found,1973,55.141670,48.200000,"(55.14167, 48.2)"
Karavannoe,56567,Valid,"Pallasite, PES",132000,Found,,57.781170,47.679670,"(57.78117, 47.67967)"
Yenberrie,30361,Valid,"Iron, IAB-MG",132000,Found,1918,-14.250000,132.016670,"(-14.25, 132.01667)"
Carnegie,5278,Valid,L6,132700,Found,1963,35.166670,-98.643890,"(35.16667, -98.64389)"
Colomera,5404,Valid,"Iron, IIE",134000,Found,1912,37.433330,-3.650000,"(37.43333, -3.65)"
Kesen,12286,Valid,H4,135000,Fell,1850,38.983330,141.616670,"(38.98333, 141.61667)"
Babb's Mill (Blake's Iron),4915,Valid,"Iron, ungrouped",136000,Found,1876,36.300000,-82.883330,"(36.3, -82.88333)"
Cape of Good Hope,5261,Valid,"Iron, IVB",136000,Found,1793,-33.500000,26.000000,"(-33.5, 26.0)"
Derrick Peak A78009,6685,Valid,"Iron, IIAB",138100,Found,1978,-80.066670,156.383330,"(-80.06667, 156.38333)"
Brainard,5131,Valid,"Iron, IIIAB",138300,Found,1978,41.153330,-96.955000,"(41.15333, -96.955)"
Huizopa,11985,Valid,"Iron, IVA",140000,Found,1907,28.900000,-108.566670,"(28.9, -108.56667)"
Ider,11999,Valid,"Iron, IIIAB",140000,Found,1957,34.683330,-85.650000,"(34.68333, -85.65)"
Korra Korrabes,12347,Valid,H3,140000,Found,1996,-25.200000,18.083330,"(-25.2, 18.08333)"
Selma,23486,Valid,H4,140600,Found,1906,32.400000,-87.000000,"(32.4, -87.0)"
Ysleta,30375,Valid,"Iron, ungrouped",140700,Found,1914,31.650000,-106.183330,"(31.65, -106.18333)"
Tambo Quemado,23797,Valid,"Iron, IIIAB",141000,Found,1950,-14.666670,-74.500000,"(-14.66667, -74.5)"
El Sampal,7817,Valid,"Iron, IIIAB",142000,Found,1973,-44.533330,-70.366670,"(-44.53333, -70.36667)"
Keyes,12287,Valid,L6,142000,Found,1939,36.716670,-102.500000,"(36.71667, -102.5)"
Molina,16715,Valid,H5,144000,Fell,1858,38.116670,-1.166670,"(38.11667, -1.16667)"
Wichita County,24257,Valid,"Iron, IAB-MG",145000,Found,1836,34.066670,-98.916670,"(34.06667, -98.91667)"
Gilgoin,10915,Valid,H5,147000,Found,1889,-30.383330,147.200000,"(-30.38333, 147.2)"
Camp Wood,51830,Valid,"Iron, IIIAB",148000,Found,,29.772500,-99.875000,"(29.7725, -99.875)"
Glorieta Mountain,10935,Valid,"Pallasite, PMG-an",148000,Found,1884,35.600000,-105.800000,"(35.6, -105.8)"
Orange River (iron),18023,Valid,"Iron, IIIAB",148800,Found,1855,-30.000000,25.000000,"(-30.0, 25.0)"
Montferré,16727,Valid,H5,149000,Fell,1923,43.390560,1.962500,"(43.39056, 1.9625)"
Mbale,15455,Valid,L5/6,150000,Fell,1992,1.066670,34.166670,"(1.06667, 34.16667)"
Olivenza,18013,Valid,LL5,150000,Fell,1924,38.716670,-7.066670,"(38.71667, -7.06667)"
Weston,24249,Valid,H4,150000,Fell,1807,41.266667,-73.266667,"(41.266667, -73.266667)"
Wiluna,24281,Valid,H5,150000,Fell,1967,-26.592780,120.328330,"(-26.59278, 120.32833)"
Jalu,12070,Valid,L6,150000,Found,2000,27.958330,21.683330,"(27.95833, 21.68333)"
Magura,15388,Valid,"Iron, IAB-MG",150000,Found,1840,49.333330,19.483330,"(49.33333, 19.48333)"
McKinney,15463,Valid,L4,150000,Found,1870,33.183330,-96.716670,"(33.18333, -96.71667)"
Tres Castillos,24047,Valid,"Iron, ungrouped",150000,Found,1992,29.470000,-105.800000,"(29.47, -105.8)"
Yardymly,30352,Valid,"Iron, IAB complex",150200,Fell,1959,38.933330,48.250000,"(38.93333, 48.25)"
Northwest Africa 5940,50826,Valid,H5-6,151000,Found,2009,0.000000,0.000000,"(0.0, 0.0)"
Forest City,10119,Valid,H5,152000,Fell,1890,43.250000,-93.666670,"(43.25, -93.66667)"
Glasatovo,10926,Valid,H4,152000,Fell,1918,57.350000,37.616670,"(57.35, 37.61667)"
Bluff (a),5087,Valid,L5,153300,Found,1878,29.878610,-96.872220,"(29.87861, -96.87222)"
Kimble County,12311,Valid,H6,153800,Found,1918,30.416670,-99.400000,"(30.41667, -99.4)"
Longchang,14695,Valid,"Iron, IVA-an",158500,Found,1781,29.300000,105.300000,"(29.3, 105.3)"
Mount Vernon,16806,Valid,"Pallasite, PMG",159000,Found,1868,36.933330,-87.400000,"(36.93333, -87.4)"
Tenham,23897,Valid,L6,160000,Fell,1879,-25.733330,142.950000,"(-25.73333, 142.95)"
Garabato,10856,Valid,H5,160000,Found,1995,-28.866670,-60.200000,"(-28.86667, -60.2)"
Qijiaojing,54610,Valid,"Iron, ungrouped",160000,Found,2003,43.750000,92.916670,"(43.75, 92.91667)"
Knowles,12334,Valid,"Iron, IIIAB",161000,Found,1903,36.900000,-100.216670,"(36.9, -100.21667)"
São Julião de Moreira,23172,Valid,"Iron, IIAB",162000,Found,1883,41.766110,-8.583610,"(41.76611, -8.58361)"
Zaragoza,48916,Valid,"Iron, IVA-an",162000,Found,,41.650000,-0.866670,"(41.65, -0.86667)"
Djati-Pengilon,7652,Valid,H6,166000,Fell,1884,-7.500000,111.500000,"(-7.5, 111.5)"
Manlai,15407,Valid,"Iron, ungrouped",166800,Found,1954,44.333330,106.500000,"(44.33333, 106.5)"
Madoc,15381,Valid,"Iron, IIIAB",168000,Found,1854,44.500000,-77.466670,"(44.5, -77.46667)"
Owasco,18060,Valid,L6,168400,Found,1984,41.200000,-103.683330,"(41.2, -103.68333)"
Tamir-Tsetserleg,23799,Valid,Stone-uncl,173000,Found,1956,47.450000,101.479170,"(47.45, 101.47917)"
Tanokami Mountain,23872,Valid,"Iron, IIIE",174000,Found,1885,34.916670,135.966670,"(34.91667, 135.96667)"
Zag,30384,Valid,H3-6,175000,Fell,1998,27.333330,-9.333330,"(27.33333, -9.33333)"
Iron Creek,12047,Valid,"Iron, IIIAB",175000,Found,1869,53.000000,-112.000000,"(53.0, -112.0)"
Travis County (a),24040,Valid,H5,175400,Found,1889,30.300000,-97.700000,"(30.3, -97.7)"
Admire,380,Valid,"Pallasite, PMG",180000,Found,1881,38.700000,-96.100000,"(38.7, -96.1)"
Guanghua,11434,Valid,"Iron, IVA",190000,Found,1932,32.400000,111.700000,"(32.4, 111.7)"
Owens Valley,18061,Valid,"Iron, IIIAB",192800,Found,1913,37.466670,-118.000000,"(37.46667, -118.0)"
Kenton County,12280,Valid,"Iron, IIIAB",194000,Found,1889,38.816670,-84.600000,"(38.81667, -84.6)"
Pallasovka,34061,Valid,"Pallasite, PMG",198000,Found,1990,49.866670,46.611670,"(49.86667, 46.61167)"
Kainsaz,12229,Valid,CO3.2,200000,Fell,1937,55.433330,53.250000,"(55.43333, 53.25)"
Kunashak,12377,Valid,L6,200000,Fell,1949,55.783330,61.366670,"(55.78333, 61.36667)"
Saratov,23176,Valid,L4,200000,Fell,1918,52.550000,46.550000,"(52.55, 46.55)"
Barratta,4951,Valid,L4,200000,Found,1845,-35.300000,144.566670,"(-35.3, 144.56667)"
Dimmitt,7645,Valid,H3.7,200000,Found,1942,34.583330,-102.166670,"(34.58333, -102.16667)"
Jiddat al Harasis 055,12119,Valid,L4-5,200000,Found,2004,19.651670,55.690000,"(19.65167, 55.69)"
Liangcheng,14645,Valid,"Iron, IIIAB",200000,Found,1959,40.500000,112.500000,"(40.5, 112.5)"
Moshesh,16756,Valid,H,200000,Found,,-30.100000,28.716670,"(-30.1, 28.71667)"
Patos de Minas (octahedrite),18114,Valid,"Iron, IAB complex",200000,Found,1925,-18.583330,-46.533330,"(-18.58333, -46.53333)"
Porto Alegre,52091,Valid,"Iron, IIIE",200000,Found,2005,-30.033060,-51.230000,"(-30.03306, -51.23)"
Chinga,5353,Valid,"Iron, ungrouped",209400,Found,1913,51.058330,94.400000,"(51.05833, 94.4)"
Ssyromolotovo,23694,Valid,"Iron, IIIAB",217000,Found,1873,58.616670,98.933330,"(58.61667, 98.93333)"
Acuña,373,Valid,"Iron, IIIAB",217700,Found,1981,29.316670,-100.966670,"(29.31667, -100.96667)"
Youxi,55793,Valid,Mesosiderite-C,218000,Found,2006,26.060000,118.010000,"(26.06, 118.01)"
Holbrook,11894,Valid,L/LL6,220000,Fell,1912,34.900000,-110.183330,"(34.9, -110.18333)"
Guixi,11446,Valid,"Iron, IIIAB",220000,Found,,28.283330,117.183330,"(28.28333, 117.18333)"
Bear Creek,4982,Valid,"Iron, IIIAB",227000,Found,1866,39.600000,-105.300000,"(39.6, -105.3)"
Alfianello,466,Valid,L6,228000,Fell,1883,45.266670,10.150000,"(45.26667, 10.15)"
Homestead,11901,Valid,L5,230000,Fell,1875,41.800000,-91.866670,"(41.8, -91.86667)"
New Concord,16953,Valid,L6,230000,Fell,1860,40.000000,-81.766670,"(40.0, -81.76667)"
Muonionalusta,16873,Valid,"Iron, IVA",230000,Found,1906,67.800000,23.100000,"(67.8, 23.1)"
Sacramento Mountains,22794,Valid,"Iron, IIIAB",237200,Found,1890,32.916670,-104.666670,"(32.91667, -104.66667)"
El Hammami,7806,Valid,H5,240000,Found,1997,23.283330,-10.816670,"(23.28333, -10.81667)"
St. Genevieve County,23086,Valid,"Iron, IIIF",244500,Found,1888,37.966670,-90.316670,"(37.96667, -90.31667)"
Shangdu,23523,Valid,"Iron, IIIAB",247000,Found,1957,42.500000,114.000000,"(42.5, 114.0)"
Omolon,18019,Valid,"Pallasite, PMG",250000,Fell,1981,64.020000,161.808330,"(64.02, 161.80833)"
Pultusk,18901,Valid,H5,250000,Fell,1868,52.766670,21.266670,"(52.76667, 21.26667)"
Netschaëvo,16949,Valid,"Iron, IIE-an",250000,Found,1846,54.233330,35.150000,"(54.23333, 35.15)"
Uegit,24105,Valid,"Iron, IIIAB",252000,Found,1921,3.816670,43.333330,"(3.81667, 43.33333)"
Boguslavka,5098,Valid,"Iron, IIAB",256000,Fell,1916,44.550000,131.633330,"(44.55, 131.63333)"
Dhofar 020,6719,Valid,H4/5,256000,Found,2000,19.033330,54.516670,"(19.03333, 54.51667)"
Dalgety Downs,5507,Valid,L4,257000,Found,1941,-25.333330,116.183330,"(-25.33333, 116.18333)"
Suizhou,23738,Valid,L6,260000,Fell,1986,31.616670,113.466670,"(31.61667, 113.46667)"
Tishomingo,24010,Valid,"Iron, ungrouped",260000,Found,1965,34.250000,-96.683330,"(34.25, -96.68333)"
Potter,18878,Valid,L6,261000,Found,1941,41.233330,-103.300000,"(41.23333, -103.3)"
Miles,16641,Valid,"Iron, IIE",265000,Found,1992,-27.833330,150.333330,"(-27.83333, 150.33333)"
Lake Murray,12446,Valid,"Iron, IIAB",270000,Found,1933,34.100000,-97.000000,"(34.1, -97.0)"
Saint-Séverin,23102,Valid,LL6,271000,Fell,1966,45.300000,0.233330,"(45.3, 0.23333)"
Mount Padbury,16785,Valid,Mesosiderite-A1,272000,Found,1964,-25.666670,118.100000,"(-25.66667, 118.1)"
South Dahna,23677,Valid,"Iron, IAB complex",275000,Found,1957,22.566670,48.300000,"(22.56667, 48.3)"
Sanclerlandia,23132,Valid,"Iron, IIIAB",279000,Found,1971,-16.216670,-50.300000,"(-16.21667, -50.3)"
Rio Limay,22609,Valid,L5,280000,Found,1995,-39.850000,-69.483330,"(-39.85, -69.48333)"
Clovis (no. 1),5385,Valid,H3.6,283000,Found,1961,34.300000,-103.134720,"(34.3, -103.13472)"
Bur-Abor,5166,Valid,"Iron, IIIAB",290000,Found,1997,3.983330,41.650000,"(3.98333, 41.65)"
Estacado,10057,Valid,H6,290000,Found,1883,33.900000,-101.750000,"(33.9, -101.75)"
Morasko,16741,Valid,"Iron, IAB-MG",290000,Found,1914,52.466670,16.900000,"(52.46667, 16.9)"
Morland,16746,Valid,H6,295000,Found,1890,39.333330,-100.066670,"(39.33333, -100.06667)"
Mocs,16709,Valid,L5-6,300000,Fell,1882,46.800000,24.033330,"(46.8, 24.03333)"
Putinga,18905,Valid,L6,300000,Fell,1937,-29.033330,-53.050000,"(-29.03333, -53.05)"
North Chile,17001,Valid,"Iron, IIAB",300000,Found,1875,-23.000000,-69.000000,"(-23.0, -69.0)"
Tianlin,23983,Valid,"Iron, IAB complex",300000,Found,1956,24.300000,106.100000,"(24.3, 106.1)"
Bruderheim,5156,Valid,L6,303000,Fell,1960,53.900000,-112.883330,"(53.9, -112.88333)"
Gressk,11200,Valid,"Iron, IIAB",303000,Found,1955,53.233330,27.333330,"(53.23333, 27.33333)"
Nova Petropolis,17928,Valid,"Iron, IIIAB",305000,Found,1967,-29.433330,-50.916670,"(-29.43333, -50.91667)"
Guffey,11441,Valid,"Iron, ungrouped",309000,Found,1907,38.766670,-105.516670,"(38.76667, -105.51667)"
Estherville,10059,Valid,Mesosiderite-A3/4,320000,Fell,1879,43.416670,-94.833330,"(43.41667, -94.83333)"
Tamarugal,23794,Valid,"Iron, IIIAB",320000,Found,1903,-20.800000,-69.666670,"(-20.8, -69.66667)"
Seymchan,23510,Valid,"Pallasite, PMG",323300,Found,1967,62.900000,152.433330,"(62.9, 152.43333)"
Sterlitamak,23724,Valid,"Iron, IIIAB",325000,Fell,1990,53.666670,55.983330,"(53.66667, 55.98333)"
Mount Edith,16773,Valid,"Iron, IIIAB",326000,Found,1913,-22.500000,116.166670,"(-22.5, 116.16667)"
Bjurböle,5064,Valid,L/LL4,330000,Fell,1899,60.400000,25.800000,"(60.4, 25.8)"
Millbillillie,16643,Valid,Eucrite-mmict,330000,Fell,1960,-26.450000,120.366670,"(-26.45, 120.36667)"
Kokstad,12341,Valid,"Iron, IIIE",341000,Found,1884,-30.550000,29.416670,"(-30.55, 29.41667)"
Hugoton,11984,Valid,H5,350000,Found,1927,37.200000,-101.350000,"(37.2, -101.35)"
Longtian,14696,Valid,"Iron, IIIAB",350000,Found,1991,27.350000,108.500000,"(27.35, 108.5)"
Mont Dieu,16722,Valid,"Iron, ungrouped",360000,Found,1994,49.550000,4.866670,"(49.55, 4.86667)"
Mount Joy,16779,Valid,"Iron, IIAB",384000,Found,1887,39.783330,-77.216670,"(39.78333, -77.21667)"
Augustinovka,4898,Valid,"Iron, IIIAB",400000,Found,1890,48.066670,35.083330,"(48.06667, 35.08333)"
Pei Xian,18784,Valid,Iron,400000,Found,1917,34.700000,117.000000,"(34.7, 117.0)"
Allan Hills A76009,1316,Valid,L6,407000,Found,1976,-76.716670,159.666670,"(-76.71667, 159.66667)"
Paragould,18101,Valid,LL5,408000,Fell,1930,36.066670,-90.500000,"(36.06667, -90.5)"
Yanhuitlan,30349,Valid,"Iron, IVA",421000,Found,1825,17.533330,-97.350000,"(17.53333, -97.35)"
Wallapai,24206,Valid,"Iron, IID",430000,Found,1927,35.800000,-113.700000,"(35.8, -113.7)"
Etter,10062,Valid,L5,450000,Found,1965,35.983330,-101.900000,"(35.98333, -101.9)"
Sayh al Uhaymir 001,23193,Valid,L5,450000,Found,2000,20.516670,56.666670,"(20.51667, 56.66667)"
Carbo,5266,Valid,"Iron, IID",454000,Found,1923,29.666670,-111.500000,"(29.66667, -111.5)"
Saint-Aubin,23096,Valid,"Iron, IIIAB",472000,Found,1968,48.483330,3.583330,"(48.48333, 3.58333)"
Jepara,53840,Valid,"Pallasite, PMG",499500,Found,2008,-6.600000,110.733330,"(-6.6, 110.73333)"
Knyahinya,12335,Valid,L/LL5,500000,Fell,1866,48.900000,22.400000,"(48.9, 22.4)"
Ochansk,17979,Valid,H4,500000,Fell,1887,57.783330,55.266670,"(57.78333, 55.26667)"
Boxhole,5126,Valid,"Iron, IIIAB",500000,Found,1937,-22.616670,135.200000,"(-22.61667, 135.2)"
El Timbu,7820,Valid,Iron,500000,Found,1942,-33.116670,-60.966670,"(-33.11667, -60.96667)"
Prambanan,18884,Valid,"Iron, ungrouped",500000,Found,1797,-7.566670,110.833330,"(-7.56667, 110.83333)"
Wildara,24265,Valid,H5,500000,Found,1968,-28.233330,120.850000,"(-28.23333, 120.85)"
Haig,11471,Valid,"Iron, IIIAB",503000,Found,1951,-31.383330,125.633330,"(-31.38333, 125.63333)"
Trenton,24045,Valid,"Iron, IIIAB",505000,Found,1858,43.366670,-88.133330,"(43.36667, -88.13333)"
Tamentit,23798,Valid,"Iron, IIIAB",510000,Found,1864,27.716670,-0.250000,"(27.71667, -0.25)"
Grant,10957,Valid,"Iron, IIIAB",525000,Found,1929,35.166670,-107.883330,"(35.16667, -107.88333)"
Drum Mountains,7733,Valid,"Iron, IIIAB",529000,Found,1944,39.500000,-112.900000,"(39.5, -112.9)"
Rateldraai,22397,Valid,"Iron, IIIAB",549000,Found,1909,-28.833330,21.133330,"(-28.83333, 21.13333)"
Jiddat al Harasis 073,12135,Valid,L6,550000,Found,2002,19.700000,55.733330,"(19.7, 55.73333)"
Long Island,14694,Valid,L6,564000,Found,1891,39.933330,-99.600000,"(39.93333, -99.6)"
Adzhi-Bogdo (iron),389,Valid,"Iron, IAB complex",582000,Found,1952,44.866670,95.416670,"(44.86667, 95.41667)"
Jianshi,12087,Valid,"Iron, IIIAB",600000,Fell,1890,30.808330,109.500000,"(30.80833, 109.5)"
La Caille,12393,Valid,"Iron, ungrouped",626000,Found,1828,43.733330,6.783330,"(43.73333, 6.78333)"
Itapuranga,12057,Valid,"Iron, IAB-MG",628000,Found,,-15.583330,-50.150000,"(-15.58333, -50.15)"
Zerhamra,30403,Valid,"Iron, IIIAB-an",630000,Found,1967,29.858610,-2.645000,"(29.85861, -2.645)"
Arispe,2332,Valid,"Iron, IC",683000,Found,1896,30.333330,-109.983330,"(30.33333, -109.98333)"
Davis Mountains,6615,Valid,"Iron, IIIAB",689000,Found,1903,30.750000,-104.250000,"(30.75, -104.25)"
Krasnojarsk,12356,Valid,"Pallasite, PMG-an",700000,Found,1749,54.900000,91.800000,"(54.9, 91.8)"
Plainview (1917),18841,Valid,H5,700000,Found,1917,34.116670,-101.783330,"(34.11667, -101.78333)"
Mount Dooling,16771,Valid,"Iron, IC",734000,Found,1909,-29.450000,119.716670,"(-29.45, 119.71667)"
Gladstone (iron),10920,Valid,"Iron, IAB-MG",736600,Found,1915,-23.900000,151.300000,"(-23.9, 151.3)"
Esquel,10054,Valid,"Pallasite, PMG",755000,Found,1951,-42.900000,-71.333330,"(-42.9, -71.33333)"
Wolf Creek,24326,Valid,"Iron, IIIAB",760000,Found,1947,-19.300000,127.766670,"(-19.3, 127.76667)"
Red River,22548,Valid,"Iron, IIIAB",800000,Found,1808,32.000000,-95.000000,"(32.0, -95.0)"
Sardis,23177,Valid,"Iron, IAB complex",800000,Found,1940,32.948890,-81.865000,"(32.94889, -81.865)"
Brahin,5130,Valid,"Pallasite, PMG",823000,Found,1810,52.500000,30.333330,"(52.5, 30.33333)"
Santa Rosa,23167,Valid,"Iron, IC",825000,Found,1810,5.916670,-73.000000,"(5.91667, -73.0)"
Bondoc,5103,Valid,Mesosiderite-B4,888600,Found,1956,13.516670,122.450000,"(13.51667, 122.45)"
Zhigansk,30405,Valid,"Iron, IIIAB",900000,Found,1966,68.000000,128.300000,"(68.0, 128.3)"
Imilac,12025,Valid,"Pallasite, PMG",920000,Found,1822,-24.203330,-68.806670,"(-24.20333, -68.80667)"
Cosby's Creek,5450,Valid,"Iron, IAB-MG",960000,Found,1837,35.783330,-83.250000,"(35.78333, -83.25)"
Tucson,24061,Valid,"Iron, ungrouped",975000,Found,1850,31.850000,-110.966670,"(31.85, -110.96667)"
Los Sauces,14710,Valid,Iron,997000,Found,1937,-29.416670,-66.850000,"(-29.41667, -66.85)"
Bilibino,5046,Valid,"Iron, IIAB",1000000,Found,1981,67.300000,160.800000,"(67.3, 160.8)"
Zacatecas (1792),30381,Valid,"Iron, ungrouped",1000000,Found,1792,22.816670,-102.566670,"(22.81667, -102.56667)"
Fukang,34491,Valid,"Pallasite, PMG",1003000,Found,2000,44.433330,87.633330,"(44.43333, 87.63333)"
Kunya-Urgench,12379,Valid,H5,1100000,Fell,1998,42.250000,59.200000,"(42.25, 59.2)"
Norton County,17922,Valid,Aubrite,1100000,Fell,1948,39.683330,-99.866670,"(39.68333, -99.86667)"
Murnpeowie,16878,Valid,"Iron, IC",1143000,Found,1909,-29.583330,139.900000,"(-29.58333, 139.9)"
Goose Lake,10947,Valid,"Iron, IAB-sLL",1169500,Found,1938,41.980000,-120.541670,"(41.98, -120.54167)"
Kouga Mountains,12352,Valid,"Iron, IIIAB",1173000,Found,1903,-33.616670,24.000000,"(-33.61667, 24.0)"
Alkhamasin,475,Valid,"Iron, IIAB",1200000,Found,1973,20.600000,44.883330,"(20.6, 44.88333)"
Tsarev,24058,Valid,L5,1225300,Found,1968,48.700000,45.700000,"(48.7, 45.7)"
Santa Apolonia,23160,Valid,"Iron, IIIAB",1316000,Found,1872,19.216670,-98.300000,"(19.21667, -98.3)"
Charcas,5326,Valid,"Iron, IIIAB",1400000,Found,1804,23.083330,-101.016670,"(23.08333, -101.01667)"
Quinn Canyon,22364,Valid,"Iron, IIIAB",1450000,Found,1908,38.083330,-115.533330,"(38.08333, -115.53333)"
Bitburg,5062,Valid,"Iron, IAB complex",1500000,Found,1805,49.966670,6.533330,"(49.96667, 6.53333)"
Casas Grandes,5285,Valid,"Iron, IIIAB",1545000,Found,1867,30.400000,-107.800000,"(30.4, -107.8)"
Gebel Kamil,52031,Valid,"Iron, ungrouped",1600000,Found,2009,22.018330,26.087780,"(22.01833, 26.08778)"
Odessa (iron),17985,Valid,"Iron, IAB-MG",1600000,Found,1922,31.716670,-102.400000,"(31.71667, -102.4)"
Ghubara,10911,Valid,L5,1750000,Found,1954,19.227780,56.142780,"(19.22778, 56.14278)"
Santa Luzia,23166,Valid,"Iron, IIAB",1918000,Found,1921,-16.266670,-47.950000,"(-16.26667, -47.95)"
Allende,2278,Valid,CV3,2000000,Fell,1969,26.966670,-105.316670,"(26.96667, -105.31667)"
Campinorte,52093,Valid,"Iron, ungrouped",2000000,Found,1992,-14.258000,-49.159170,"(-14.258, -49.15917)"
Henbury,11872,Valid,"Iron, IIIAB",2000000,Found,1931,-24.566670,133.166670,"(-24.56667, 133.16667)"
Zhaoping,54609,Valid,"Iron, IAB complex",2000000,Found,1983,24.233330,111.183330,"(24.23333, 111.18333)"
Coahuila,5387,Valid,"Iron, IIAB",2100000,Found,1837,28.700000,-102.733330,"(28.7, -102.73333)"
Navajo,16926,Valid,"Iron, IIAB",2184000,Found,1921,35.333330,-109.500000,"(35.33333, -109.5)"
Huckitta,11922,Valid,"Pallasite, PMG-an",2300000,Found,1924,-22.366670,135.766670,"(-22.36667, 135.76667)"
Wabar,24194,Valid,"Iron, IIIAB",2550000,Found,1863,21.499720,50.472220,"(21.49972, 50.47222)"
Old Woman,18007,Valid,"Iron, IIAB",2753000,Found,1976,34.466670,-115.233330,"(34.46667, -115.23333)"
Al Haggounia 001,44857,Valid,Aubrite,3000000,Found,2006,27.500000,-12.500000,"(27.5, -12.5)"
Toluca,24018,Valid,"Iron, IAB-sLL",3000000,Found,1776,19.566670,-99.566670,"(19.56667, -99.56667)"
Xifu,54608,Valid,"Iron, IAB complex",3000000,Found,2004,36.300000,120.483330,"(36.3, 120.48333)"
Yingde,30363,Valid,"Iron, IVA",3000000,Found,1964,24.200000,113.400000,"(24.2, 113.4)"
Youndegin,30374,Valid,"Iron, IAB-MG",3800000,Found,1884,-32.100000,117.716670,"(-32.1, 117.71667)"
Vaca Muerta,24142,Valid,Mesosiderite-A1,3828000,Found,1861,-25.750000,-70.500000,"(-25.75, -70.5)"
Jilin,12171,Valid,H5,4000000,Fell,1976,44.050000,126.166670,"(44.05, 126.16667)"
Brenham,5136,Valid,"Pallasite, PMG-an",4300000,Found,1882,37.582500,-99.163610,"(37.5825, -99.16361)"
Bendegó,5015,Valid,"Iron, IC",5360000,Found,1784,-10.116670,-39.200000,"(-10.11667, -39.2)"
Santa Catharina,23162,Valid,"Iron, IAB-ung",7000000,Found,1875,-26.216670,-48.600000,"(-26.21667, -48.6)"
Cranbourne,5463,Valid,"Iron, IAB-MG",8600000,Found,1854,-38.100000,145.300000,"(-38.1, 145.3)"
Nantan,16906,Valid,"Iron, IAB-MG",9500000,Found,1958,25.100000,107.700000,"(25.1, 107.7)"
Morito,16745,Valid,"Iron, IIIAB",10100000,Found,1600,27.050000,-105.433330,"(27.05, -105.43333)"
Willamette,24269,Valid,"Iron, IIIAB",15500000,Found,1902,45.366670,-122.583330,"(45.36667, -122.58333)"
Mbosi,15456,Valid,"Iron, ungrouped",16000000,Found,1930,-9.116670,33.066670,"(-9.11667, 33.06667)"
Bacubirito,4919,Valid,"Iron, ungrouped",22000000,Found,1863,26.200000,-107.833330,"(26.2, -107.83333)"
Sikhote-Alin,23593,Valid,"Iron, IIAB",23000000,Fell,1947,46.160000,134.653330,"(46.16, 134.65333)"
Mundrabilla,16852,Valid,"Iron, IAB-ung",24000000,Found,1911,-30.783330,127.550000,"(-30.78333, 127.55)"
Chupaderos,5363,Valid,"Iron, IIIAB",24300000,Found,1852,27.000000,-105.100000,"(27.0, -105.1)"
Gibeon,10912,Valid,"Iron, IVA",26000000,Found,1836,-25.500000,18.000000,"(-25.5, 18.0)"
Armanty,2335,Valid,"Iron, IIIE",28000000,Found,1898,47.000000,88.000000,"(47.0, 88.0)"
Canyon Diablo,5257,Valid,"Iron, IAB-MG",30000000,Found,1891,35.050000,-111.033330,"(35.05, -111.03333)"
Campo del Cielo,5247,Valid,"Iron, IAB-MG",50000000,Found,1575,-27.466670,-60.583330,"(-27.46667, -60.58333)"
Cape York,5262,Valid,"Iron, IIIAB",58200000,Found,1818,76.133330,-64.933330,"(76.13333, -64.93333)"
Hoba,11890,Valid,"Iron, IVB",60000000,Found,1920,-19.583330,17.916670,"(-19.58333, 17.91667)"
